{"final/Away Win_precision":0.6437246963562753,"_wandb":{"runtime":13},"best_val_accuracy":0.6807313561439514,"final/Away Win_f1":0.6989010989010989,"train_loss":0.681347668170929,"final/Draw_precision":0.5502958579881657,"final/Draw_recall":0.49732620320855614,"final/Draw_support":187,"final/val_accuracy":0.6708860993385315,"final/Home Win_precision":0.7627118644067796,"final/test_accuracy":0.6708860759493671,"val_loss":0.7593028545379639,"_step":754,"train_accuracy":0.7066729068756104,"final/val_loss":0.7593028545379639,"final/Draw_f1":0.5224719101123596,"final/best_val_accuracy":0.6807313561439514,"_runtime":13,"val_accuracy":0.6708860993385315,"final/Home Win_support":316,"confusion_matrix_table":{"_latest_artifact_path":"wandb-client-artifact://ln3som71j6973hzctjgiapc8cwexrimp10ui8oae6jl48yzl2duzqwndi4p1rfiwzotoqpjjbdva0u8ej0z9x7woqbt3cyyavpmatb1morbdu1yklcptfoicvnsjc8fj:latest/confusion_matrix_table.table.json","sha256":"5e7574ebcccb061f87eb8b390aa705a2894a7865547cc71d6ae547ecd6d3bead","log_mode":"IMMUTABLE","path":"media/table/confusion_matrix_table_754_5e7574ebcccb061f87eb.table.json","ncols":3,"_type":"table-file","size":328,"nrows":9,"artifact_path":"wandb-client-artifact://cxeqqcmrm2nbminb00nhvp1cr9ubwjl03fha3o3zqyp92d5klpur5z58vdr1bjzxr5j07t2wrg2bbns0s8auchzsgduotr824l0d2b8l1ysf76sfqbe76gamwtgimh6w/confusion_matrix_table.table.json"},"epoch":749,"final/Away Win_recall":0.7644230769230769,"final/Home Win_f1":0.7364975450081833,"final/Home Win_recall":0.7120253164556962,"final/Away Win_support":208,"_timestamp":1.7598637197601247e+09}