{"_runtime":19,"train_accuracy":0.7044850587844849,"final/Home Win_support":316,"final/Away Win_recall":0.7403846153846154,"_timestamp":1.7598637575722234e+09,"final/Away Win_f1":0.6936936936936937,"final/Home Win_f1":0.7435064935064936,"epoch":749,"final/Draw_precision":0.5371428571428571,"confusion_matrix_table":{"path":"media/table/confusion_matrix_table_754_9ee2152e4a42a7284d91.table.json","_type":"table-file","ncols":3,"size":328,"_latest_artifact_path":"wandb-client-artifact://q0cqvb8igdrg2mdhkp5fwb72qbi1ce2aj1hg17j6jqmlxd4gd5x1srgbufj78w9ffas6diqi955i5agn3l76uy7gt8hbg29311ob84sycmojhydnk4bxnc3zjuqmxsrx:latest/confusion_matrix_table.table.json","sha256":"9ee2152e4a42a7284d91d2e9f76c54135434360d9e78f948fd642a18848c4264","log_mode":"IMMUTABLE","nrows":9,"artifact_path":"wandb-client-artifact://o678cu1enxs4pow2kopb83clwa1ldrhew43iq1rkii5qbzndsq85ziws18up5f4plwytgpf5dsl2cc5b04kr7iwav4v72fme5xm712h7h2y1uzkevkjxowfxbrc3cmh9/confusion_matrix_table.table.json"},"_step":754,"val_accuracy":0.6708860993385315,"final/Draw_f1":0.5193370165745856,"final/Home Win_precision":0.7633333333333333,"train_loss":0.6624388098716736,"final/Home Win_recall":0.7246835443037974,"final/Away Win_support":208,"final/test_accuracy":0.6708860759493671,"val_loss":0.7647959589958191,"_wandb":{"runtime":19},"final/val_loss":0.7647959589958191,"final/Away Win_precision":0.652542372881356,"final/val_accuracy":0.6708860993385315,"final/best_val_accuracy":0.6849507689476013,"best_val_accuracy":0.6849507689476013,"final/Draw_support":187,"final/Draw_recall":0.5026737967914439}