{"final/Away Win_precision":0.6681034482758621,"final/val_loss":0.7331295609474182,"final/Draw_f1":0.46511627906976744,"final/Away Win_recall":0.7451923076923077,"final/test_accuracy":0.680731364275668,"final/Home Win_f1":0.7606461086637298,"_wandb":{"runtime":9},"confusion_matrix_table":{"artifact_path":"wandb-client-artifact://gchauxjri54a221z4sjmush6dtq93x8ybvqjiucmz5klckc8tk49x3p16v1izdfiysvqob7apnb4jnvv6vyymsxbq57g9bljw3tgjws6rbdf4p3xegn4x4bhe9q0z4rx/confusion_matrix_table.table.json","ncols":3,"size":328,"_latest_artifact_path":"wandb-client-artifact://t5nvnttb77mmvhfsy81ja94djhpy8bshltwit7dhxueuaf6vcxssrdo7iu6o7hr3ku9uu8zlgivlb29jp0dpu0z73vw29qryiothveq4hqa7a67kta5tfbfkmgy4uigg:latest/confusion_matrix_table.table.json","nrows":9,"log_mode":"IMMUTABLE","_type":"table-file","sha256":"801c2ef0672faf1004a68f32634097ff883eee57920d1c3e85526cbd5590fcea","path":"media/table/confusion_matrix_table_504_801c2ef0672faf1004a6.table.json"},"final/Home Win_recall":0.819620253164557,"final/val_accuracy":0.6807313561439514,"val_loss":0.7331295609474182,"train_accuracy":0.7172995805740356,"_timestamp":1.7598623817194366e+09,"val_accuracy":0.6807313561439514,"best_val_accuracy":0.6863572597503662,"final/Home Win_precision":0.7095890410958904,"_step":504,"final/Away Win_f1":0.7045454545454546,"final/Home Win_support":316,"final/Draw_recall":0.37433155080213903,"final/best_val_accuracy":0.6863572597503662,"final/Draw_precision":0.6140350877192983,"_runtime":9,"epoch":499,"final/Away Win_support":208,"train_loss":0.6380010843276978,"final/Draw_support":187}