{"final/Draw_precision":0.5351351351351351,"_timestamp":1.7598636133811493e+09,"final/Home Win_precision":0.7627118644067796,"final/Away Win_support":208,"_step":754,"final/Away Win_f1":0.7107061503416856,"final/Home Win_recall":0.7120253164556962,"confusion_matrix_table":{"_latest_artifact_path":"wandb-client-artifact://pdo78gi94gqzmy9xwvj6g1ditkvf24nvx1whf5o5jh0xs92f6hxsu39p7lh3tw7eykly12ta43np92alflkgfft4l5ex4c9fgx9kz7wjq2xgat1iyqdd7mmpy08emlb4:latest/confusion_matrix_table.table.json","artifact_path":"wandb-client-artifact://30bv2zphdxq3zqr397hiuweubgmbf9fhf6l3ts0ybt95zpt365mivt12mags7u64yattu9hqykek4swcozvb1ym6xxyfe0vy31objr2yrg4n1nhnqacmvtb614gvrrwk/confusion_matrix_table.table.json","sha256":"ee7f3646955f087220c08d023c1cbfcd8b281ec1ef0eec27691293510a6706b7","path":"media/table/confusion_matrix_table_754_ee7f3646955f087220c0.table.json","log_mode":"IMMUTABLE","_type":"table-file","ncols":3,"size":328,"nrows":9},"_wandb":{"runtime":13},"final/test_accuracy":0.6751054852320675,"final/val_loss":0.7824938893318176,"final/Away Win_recall":0.75,"final/Away Win_precision":0.6753246753246753,"final/Draw_support":187,"final/Home Win_f1":0.7364975450081833,"final/Draw_recall":0.5294117647058824,"epoch":749,"final/Draw_f1":0.532258064516129,"final/Home Win_support":316,"best_val_accuracy":0.6821378469467163,"train_loss":0.6703366637229919,"val_accuracy":0.6751055121421814,"train_accuracy":0.7057352662086487,"_runtime":13,"val_loss":0.7824938893318176,"final/val_accuracy":0.6751055121421814,"final/best_val_accuracy":0.6821378469467163}