{"final/Home Win_support":316,"final/Home Win_precision":0.7167630057803468,"final/Away Win_precision":0.6359832635983264,"best_val_accuracy":0.6891701817512512,"final/val_accuracy":0.6638537049293518,"_step":754,"val_accuracy":0.6638537049293518,"confusion_matrix_table":{"log_mode":"IMMUTABLE","artifact_path":"wandb-client-artifact://hxja326q05b8tvj8ylofa8rpeo2i402l5qowz2guktwmjpscgvbsgywwenuqci5io18ufhh2ofti2w4vn0lwrbi9vaunnsh65c0i8fd14or7ghzb8m6kqket0p3djbyf/confusion_matrix_table.table.json","nrows":9,"_latest_artifact_path":"wandb-client-artifact://0az85xmercmln6gfea1kij563q8xya75b3jn0ej99bzwhhjkhqstmdecuqxqsbfdq0rv0z6bl7i01lndhukmk15k8a2roqb2paengpnlhatyk2thdkggpb38kqo43uc6:latest/confusion_matrix_table.table.json","path":"media/table/confusion_matrix_table_754_f8cc2f19520d8225811e.table.json","sha256":"f8cc2f19520d8225811ec50472d8f8177828f2893cd81cde23085abd3b82e33c","size":328,"ncols":3,"_type":"table-file"},"final/Away Win_support":208,"final/val_loss":0.7556537985801697,"epoch":749,"final/Draw_recall":0.3850267379679144,"train_loss":0.6094334721565247,"_runtime":14,"final/Draw_precision":0.5714285714285714,"final/Draw_f1":0.46006389776357826,"train_accuracy":0.729332685470581,"val_loss":0.7556537985801697,"final/test_accuracy":0.6638537271448663,"final/Away Win_f1":0.680089485458613,"final/Home Win_f1":0.7492447129909365,"final/Home Win_recall":0.7848101265822784,"final/best_val_accuracy":0.6891701817512512,"final/Draw_support":187,"_timestamp":1.7598624564645066e+09,"final/Away Win_recall":0.7307692307692307,"_wandb":{"runtime":14}}