{"final/Draw_precision":0.5388888888888889,"final/Draw_recall":0.5187165775401069,"final/Away Win_support":208,"final/Home Win_recall":0.7120253164556962,"epoch":499,"final/Home Win_support":316,"val_loss":0.7636978626251221,"final/val_loss":0.7636978626251221,"final/Home Win_f1":0.7328990228013029,"confusion_matrix_table":{"ncols":3,"path":"media/table/confusion_matrix_table_504_6e5cd75f3425f54f0adf.table.json","_type":"table-file","_latest_artifact_path":"wandb-client-artifact://2b5kl0jxi3gdo9n06z36gb7ge0tdpegwrcp0aw0ka5k8jr8084wn2amba8brey0ag8a54twwqsgrgnz6kfon0gwfu9tyej7p8cqhs0ank9xk3zmr314vsejlxw6psh88:latest/confusion_matrix_table.table.json","size":328,"log_mode":"IMMUTABLE","nrows":9,"artifact_path":"wandb-client-artifact://9aixm9fy4boxg2ll4jkb59brz2mfdm7qu66qeauwtma749eomt6uom8gbxbncihzbpeo14hkdkefmaxj6200nbsh7pyu4sbzwd0yrkxst89wgl4lo6dpyt850wzil0fc/confusion_matrix_table.table.json","sha256":"6e5cd75f3425f54f0adf874b42d21b75cc6f5761e21cdec426e7be0d1ca87763"},"_step":504,"_timestamp":1.7598635588481703e+09,"best_val_accuracy":0.6863572597503662,"final/Draw_support":187,"final/Draw_f1":0.5286103542234333,"_wandb":{"runtime":12},"final/best_val_accuracy":0.6863572597503662,"final/val_accuracy":0.6708860993385315,"_runtime":12,"final/Away Win_f1":0.7029478458049887,"train_accuracy":0.6957337260246277,"final/test_accuracy":0.6708860759493671,"final/Home Win_precision":0.7550335570469798,"val_accuracy":0.6708860993385315,"final/Away Win_recall":0.7451923076923077,"train_loss":0.6872332692146301,"final/Away Win_precision":0.6652360515021459}