{"final/Draw_recall":0.5561497326203209,"final/Home Win_support":316,"final/val_accuracy":0.6694796085357666,"final/Draw_support":187,"train_accuracy":0.7171432971954346,"val_accuracy":0.6694796085357666,"final/val_loss":0.7917385697364807,"final/Away Win_recall":0.7115384615384616,"final/Home Win_recall":0.7088607594936709,"epoch":749,"final/Away Win_support":208,"final/best_val_accuracy":0.6849507689476013,"_runtime":19,"_step":754,"final/test_accuracy":0.6694796061884669,"val_loss":0.7917385697364807,"confusion_matrix_table":{"ncols":3,"_latest_artifact_path":"wandb-client-artifact://yyv2s6inj9t1jmtpo8yu00c4eou42zb5qbi0c753nghfbfybd9897q8b2040yeri8arudtoacphdewynhfx7i5031gsy798chxeekr0yzpljjybup6nifklx3u2arhug:latest/confusion_matrix_table.table.json","_type":"table-file","size":329,"log_mode":"IMMUTABLE","artifact_path":"wandb-client-artifact://hijd2r2rtwuau00x4a71n6vsglonqr598e57moaus6x1ty8dwo8xsrz9vamnyxt43jd9sl74yjmu2gw5swvb25e7kidli4xxt4aa3crjztyd3ie8ydpipvhp9p29b006/confusion_matrix_table.table.json","nrows":9,"sha256":"8379ff536c1d48339e960bc2bdeeb416e7cb3171e260bd8047152e18173a6c01","path":"media/table/confusion_matrix_table_754_8379ff536c1d48339e96.table.json"},"final/Away Win_precision":0.6820276497695853,"final/Home Win_precision":0.7593220338983051,"final/Away Win_f1":0.6964705882352941,"final/Draw_f1":0.538860103626943,"final/Home Win_f1":0.7332242225859247,"final/Draw_precision":0.5226130653266332,"best_val_accuracy":0.6849507689476013,"_wandb":{"runtime":19},"_timestamp":1.7598636462815444e+09,"train_loss":0.6211490035057068}