{"final/Draw_recall":0.39572192513368987,"final/test_accuracy":0.680731364275668,"train_accuracy":0.7252695560455322,"final/Draw_support":187,"final/Draw_precision":0.6166666666666667,"final/Away Win_recall":0.7451923076923077,"final/val_loss":0.7540909051895142,"_wandb":{"runtime":16},"final/Away Win_support":208,"final/Home Win_recall":0.8069620253164557,"final/Home Win_support":316,"train_loss":0.6076408624649048,"final/Away Win_precision":0.6595744680851063,"final/Away Win_f1":0.6997742663656885,"epoch":749,"_step":754,"_timestamp":1.7598624308708e+09,"final/Home Win_precision":0.7162921348314607,"final/Draw_f1":0.4820846905537459,"val_loss":0.7540909051895142,"final/best_val_accuracy":0.6891701817512512,"final/val_accuracy":0.6807313561439514,"best_val_accuracy":0.6891701817512512,"final/Home Win_f1":0.7589285714285714,"val_accuracy":0.6807313561439514,"_runtime":16,"confusion_matrix_table":{"size":328,"nrows":9,"artifact_path":"wandb-client-artifact://oxlole5ts4jdodrd801likzzohmz1ca450dx7dpcg4p1z34juf1u4atkfvmkiq10r1w5l39ili1gpm5qygcp7i6fp09seufywapkweygrhxzba4bg193lb5pam8frdmh/confusion_matrix_table.table.json","ncols":3,"_latest_artifact_path":"wandb-client-artifact://vpxaycclz6vammh09qqlfnwv1mtu41z8ythi2tt0n2qna3bvq7nq23hbl9wwyrtc2xmc50suoz2w1xm9pc06wdwm4ualo3kn3jpxg1aatk4fl00pilh7tey6w56lsma7:latest/confusion_matrix_table.table.json","path":"media/table/confusion_matrix_table_754_684c4bf3b2c06cc3367c.table.json","_type":"table-file","sha256":"684c4bf3b2c06cc3367c0e917d5eacb23de64e6b27c6f3c0cbaca2def63d2f9c","log_mode":"IMMUTABLE"}}