{"_runtime":18,"final/Away Win_support":208,"confusion_matrix_table":{"_type":"table-file","_latest_artifact_path":"wandb-client-artifact://g8xaygfr8x0yow2sh7cfpnj2q04p412xura9tzih1foy39sdn0kgd932qdgi9scjvb2rl1rg17qa3yzj7wuse0n4eowccq59nma4gaufwlqe3xb9063ab6vvpbwx6q1y:latest/confusion_matrix_table.table.json","ncols":3,"nrows":9,"path":"media/table/confusion_matrix_table_1004_5159ff0bf07cc89b25e0.table.json","artifact_path":"wandb-client-artifact://b0xlvsv252cgdzpmpuhpig6q53itusypmh0axf7rxvddxskv94ku0x4j4o0w8xwbt6u9ccixvvcs2043ivuohhttt3a7aukd5hj5nhaslcdalne1g5djxbspx1gorppc/confusion_matrix_table.table.json","size":328,"sha256":"5159ff0bf07cc89b25e02b5edb80b549392b2a8b154d61c8498b2f541e16bd36","log_mode":"IMMUTABLE"},"_timestamp":1.7598625671297143e+09,"final/Home Win_f1":0.7595307917888563,"train_loss":0.6311991810798645,"best_val_accuracy":0.694796085357666,"final/Home Win_recall":0.819620253164557,"final/Away Win_recall":0.7307692307692307,"final/Away Win_f1":0.6909090909090909,"final/Draw_precision":0.6017699115044248,"final/Draw_recall":0.36363636363636365,"final/Draw_f1":0.4533333333333333,"epoch":999,"train_accuracy":0.7141740918159485,"final/Away Win_precision":0.6551724137931034,"final/best_val_accuracy":0.694796085357666,"_wandb":{"runtime":18},"val_loss":0.7403550148010254,"_step":1004,"final/Draw_support":187,"final/Home Win_support":316,"val_accuracy":0.6736990213394165,"final/val_accuracy":0.6736990213394165,"final/test_accuracy":0.6736990154711674,"final/Home Win_precision":0.7076502732240437,"final/val_loss":0.7403550148010254}