{"best_val_accuracy":0.6835442781448364,"_runtime":10,"final/Home Win_f1":0.7510917030567685,"_wandb":{"runtime":10},"val_accuracy":0.6708860993385315,"final/Draw_f1":0.45051194539249145,"epoch":499,"final/val_accuracy":0.6708860993385315,"final/best_val_accuracy":0.6835442781448364,"_timestamp":1.7598623593428614e+09,"train_accuracy":0.7154242992401123,"train_loss":0.6511972546577454,"final/Draw_precision":0.6226415094339622,"final/Away Win_precision":0.6538461538461539,"final/Away Win_support":208,"final/Home Win_support":316,"final/test_accuracy":0.6708860759493671,"_step":504,"final/Home Win_recall":0.8164556962025317,"val_loss":0.7315337061882019,"final/val_loss":0.7315337061882019,"final/Away Win_recall":0.7355769230769231,"final/Draw_recall":0.35294117647058826,"final/Away Win_f1":0.6923076923076923,"final/Home Win_precision":0.6954177897574124,"final/Draw_support":187,"confusion_matrix_table":{"size":328,"sha256":"fdbf71bf968002ad0b3986c381913ded25955f031bcec0bf1cace0c33075eb31","path":"media/table/confusion_matrix_table_504_fdbf71bf968002ad0b39.table.json","log_mode":"IMMUTABLE","ncols":3,"_latest_artifact_path":"wandb-client-artifact://z146l3cn23l7lpuise5gko99m7487e8bj0u34bchu9lto6tema5c3negz4qqvlzb1hlxpnjr2lyb6mtm233344vn1hpgq7f6igkx14h408draj7n9h1xs25orx2u9nw6:latest/confusion_matrix_table.table.json","_type":"table-file","artifact_path":"wandb-client-artifact://b9i1vhzypodii7dv280nrmwnw5utvhxh42wcxk37azz9dcl03mqar7aaouk2jolodq6jpgpagq0lw55bsbso8qyh1i62gnu0lbu1d1quxqw0nw8ml9ry22oh8mwhoy3t/confusion_matrix_table.table.json","nrows":9}}