{"final/Draw_precision":0.559322033898305,"val_loss":0.7705861330032349,"final/test_accuracy":0.6821378340365682,"final/Away Win_precision":0.6738197424892703,"train_loss":0.6553679704666138,"final/Home Win_support":316,"final/Home Win_precision":0.760797342192691,"final/Draw_support":187,"_wandb":{"runtime":19},"_timestamp":1.7598635877621243e+09,"final/Draw_recall":0.5294117647058824,"epoch":749,"val_accuracy":0.6821378469467163,"confusion_matrix_table":{"artifact_path":"wandb-client-artifact://jyy60lyyktkbq4l5wcowi21zp958z8ac044suenwuc5prnemq52ffb21bwb00vcyk52ktifk22sve3q8tw7e5hyxt3qhojjwjo8ghmzqodmqwlmfyn2u29sw97cxacem/confusion_matrix_table.table.json","nrows":9,"sha256":"e44b5080051e1273d0d03bc1ad5351581640d0cd3e1d5abe13c98a26741d8d97","size":328,"_latest_artifact_path":"wandb-client-artifact://g6t30c5nlqyxsnz0vf4a0fn652tuqpsvubfjy3eduqhqwn4pi7g8wd133s4ladd1ur8fytz7u27m69i3l7s5bp7wu4hm8kqvbawxme1hpk0iglecafz7y5fpt4afu0ja:latest/confusion_matrix_table.table.json","path":"media/table/confusion_matrix_table_754_e44b5080051e1273d0d0.table.json","log_mode":"IMMUTABLE","_type":"table-file","ncols":3},"_runtime":19,"best_val_accuracy":0.6849507689476013,"final/Away Win_support":208,"final/val_loss":0.7705861330032349,"final/Draw_f1":0.5439560439560439,"_step":754,"final/best_val_accuracy":0.6849507689476013,"final/Home Win_recall":0.7246835443037974,"final/val_accuracy":0.6821378469467163,"final/Away Win_f1":0.7120181405895691,"final/Home Win_f1":0.7423014586709886,"train_accuracy":0.7160493731498718,"final/Away Win_recall":0.7548076923076923}