{"_runtime":14,"final/Home Win_recall":0.7246835443037974,"epoch":749,"final/Away Win_support":208,"final/val_loss":0.7753664255142212,"final/Away Win_f1":0.6997742663656885,"final/Home Win_support":316,"final/Draw_f1":0.5494505494505495,"final/best_val_accuracy":0.6919831037521362,"final/Home Win_f1":0.7447154471544716,"final/Away Win_recall":0.7451923076923077,"final/val_accuracy":0.6807313561439514,"best_val_accuracy":0.6919831037521362,"train_loss":0.6698688268661499,"train_accuracy":0.7108923196792603,"final/Away Win_precision":0.6595744680851063,"final/test_accuracy":0.680731364275668,"val_accuracy":0.6807313561439514,"final/Home Win_precision":0.7658862876254181,"final/Draw_precision":0.5649717514124294,"final/Draw_recall":0.5347593582887701,"val_loss":0.7753664255142212,"final/Draw_support":187,"_step":754,"_timestamp":1.7598634787944157e+09,"confusion_matrix_table":{"_latest_artifact_path":"wandb-client-artifact://ajaj0kkkovfara1l8rhcogjqsqat5dph6owiqeiqdc0emid4um9g0brhxubsdmkhlobo35gc1vf4hxrmrm3sg3lmhxxa0q9sojsgceay2511v3o9j6jiyqed5opitenn:latest/confusion_matrix_table.table.json","size":329,"path":"media/table/confusion_matrix_table_754_e62e0953073d921f4382.table.json","sha256":"e62e0953073d921f43823e9606ae89c0e26541ba2e255970f77af33fd69da7c5","artifact_path":"wandb-client-artifact://uy1531jzc6arrvrdzzyxi4we3ff3adpn9m8j2s8jvdfje0tk0q8kjt55h8uh8fc2ycdduzbk4lpuy6ns656gyj01kyc2tabsdgfs30hdyllx5e9icszrquu6q61d4r45/confusion_matrix_table.table.json","_type":"table-file","ncols":3,"log_mode":"IMMUTABLE","nrows":9},"_wandb":{"runtime":14}}