{"final/Away Win_precision":0.6428571428571429,"_runtime":13,"best_val_accuracy":0.6793248653411865,"val_loss":0.7263293266296387,"train_accuracy":0.7104235291481018,"final/Home Win_support":316,"final/test_accuracy":0.6638537271448663,"epoch":749,"final/Home Win_f1":0.7456140350877193,"final/Draw_support":187,"_wandb":{"runtime":13},"final/Draw_f1":0.4383561643835616,"val_accuracy":0.6638537049293518,"final/Home Win_recall":0.8069620253164557,"train_loss":0.65035080909729,"final/best_val_accuracy":0.6793248653411865,"_step":754,"_timestamp":1.7598625029525406e+09,"final/Draw_precision":0.6095238095238096,"confusion_matrix_table":{"_latest_artifact_path":"wandb-client-artifact://ar6fbuyw9r0mbld0kxdbn74bk3jrtsma6p8uy2ljq1qtcayx4u1ulihivly76v0jqonsfmsj52cmq8nbaz7n9ktsee66lyse6udemredgn6068wtx325zvfbt3jzhd96:latest/confusion_matrix_table.table.json","artifact_path":"wandb-client-artifact://bu9ojqaftxkmk9gte0vm7tni3eq4ggigxy1ui76sfmyjl92u1w26ft73yzpz4c9lue1bm4t6umtiv94mllkdr2hot86g16nsozj7y9mvr17pwzjcqr1km1eamzm0r12y/confusion_matrix_table.table.json","size":328,"path":"media/table/confusion_matrix_table_754_c4513e6bcf4830888bef.table.json","ncols":3,"sha256":"c4513e6bcf4830888bef30f1dc53e3c178de13a5e4ef8488260d855b77eab136","log_mode":"IMMUTABLE","nrows":9,"_type":"table-file"},"final/Away Win_support":208,"final/val_accuracy":0.6638537049293518,"final/Home Win_precision":0.6929347826086957,"final/Away Win_recall":0.7355769230769231,"final/val_loss":0.7263293266296387,"final/Away Win_f1":0.6860986547085202,"final/Draw_recall":0.3422459893048128}