{"_timestamp":1.7598625302699246e+09,"train_loss":0.67049640417099,"final/Draw_recall":0.33689839572192515,"confusion_matrix_table":{"ncols":3,"_type":"table-file","size":328,"sha256":"8ad55583321a82a4b554b2e7ac4f8ef249587cb919b1ad1d75ecfc699422d846","_latest_artifact_path":"wandb-client-artifact://ohwj1p465wrmpi1ljqivkwsdsevws17d7mhsxrl7j7ukef7hphwg9cnxskvu4tcx9hvo0icgivccj5uvk8uryl2zw5mzkwsam67bgbdrbwdz0ssnbfpeqxws5bwqy7b0:latest/confusion_matrix_table.table.json","path":"media/table/confusion_matrix_table_504_8ad55583321a82a4b554.table.json","log_mode":"IMMUTABLE","nrows":9,"artifact_path":"wandb-client-artifact://q0l2gnc7l5vcni2ro180046gnwpsmxce2ptjqewms820g29e6y3skxwzd4tzqzc7eunbxij4oc28e39osatlxynwsg0epdnxdrfbu0uesfcbrreqfnoopkpaippe3v2i/confusion_matrix_table.table.json"},"final/Away Win_precision":0.6523605150214592,"final/Draw_f1":0.4375,"final/val_accuracy":0.6694796085357666,"final/Away Win_support":208,"val_accuracy":0.6694796085357666,"final/best_val_accuracy":0.6807313561439514,"final/Draw_support":187,"epoch":499,"final/Away Win_f1":0.6893424036281179,"_step":504,"_wandb":{"runtime":9},"final/Home Win_support":316,"train_accuracy":0.7038599848747253,"_runtime":9,"final/Draw_precision":0.6237623762376238,"final/test_accuracy":0.6694796061884669,"final/Away Win_recall":0.7307692307692307,"best_val_accuracy":0.6807313561439514,"val_loss":0.7247123718261719,"final/Home Win_f1":0.7532467532467533,"final/val_loss":0.7247123718261719,"final/Home Win_precision":0.6923076923076923,"final/Home Win_recall":0.8259493670886076}