{"final/Draw_f1":0.5364583333333334,"epoch":749,"train_accuracy":0.7113611698150635,"_runtime":12,"final/val_loss":0.7688571810722351,"final/Home Win_recall":0.7025316455696202,"_step":754,"confusion_matrix_table":{"nrows":9,"log_mode":"IMMUTABLE","_latest_artifact_path":"wandb-client-artifact://airtoyg8ov8aezzldgcj4jhqyu8o4pxm7wuepbpqpqownf04bhdo63uyrhgy12sdfbsrepw2nd6e7sdkgyocsgjivajax5qm3vpjmff44ympblkbw5y0i65klw4hpyfp:latest/confusion_matrix_table.table.json","_type":"table-file","artifact_path":"wandb-client-artifact://4sptcrgl77aifnmrvghqhd9rb68jkd86pidbmgvd1h98xx752fg69g2o4g8ghghv0g4ivd4xlywmaj9f98c6pl2b77ug1w526p3k7268kuqkd1juc5kmwyu5gglit5td/confusion_matrix_table.table.json","path":"media/table/confusion_matrix_table_754_327bed7f49c043f1b848.table.json","size":329,"sha256":"327bed7f49c043f1b848a745dd09424d76c1dfc16e955f5a6704af691d72c7d9","ncols":3},"final/Home Win_f1":0.7350993377483444,"final/Away Win_f1":0.6912442396313364,"val_loss":0.7688571810722351,"final/test_accuracy":0.6680731364275668,"final/Draw_precision":0.5228426395939086,"final/Away Win_recall":0.7211538461538461,"val_accuracy":0.6680731177330017,"final/Home Win_support":316,"final/Away Win_precision":0.6637168141592921,"final/best_val_accuracy":0.6821378469467163,"final/Draw_support":187,"best_val_accuracy":0.6821378469467163,"_timestamp":1.7598635084196877e+09,"final/Away Win_support":208,"train_loss":0.6554151773452759,"final/Home Win_precision":0.7708333333333334,"_wandb":{"runtime":12},"final/val_accuracy":0.6680731177330017,"final/Draw_recall":0.5508021390374331}