{"final/Draw_support":187,"final/Draw_recall":0.35294117647058826,"final/Away Win_f1":0.7040358744394619,"train_accuracy":0.7105797529220581,"_timestamp":1.7598624793144457e+09,"final/Home Win_recall":0.8259493670886076,"val_loss":0.7318038940429688,"final/Home Win_support":316,"final/Home Win_precision":0.7092391304347826,"confusion_matrix_table":{"log_mode":"IMMUTABLE","sha256":"6436894e100dda3213dbab4085a2f307c0c515346948ddc1e75f62c9b559b215","size":328,"artifact_path":"wandb-client-artifact://326lcwrgnlfk631nbusg0wlmb5zzk0flzip5f9gysq6fpjas9basaiezi0w9viuzmvuhil4lniozlcp9j7z6iiiwqdmlekb2tethc79i18prfhyqaq951yifpwtnwpd7/confusion_matrix_table.table.json","path":"media/table/confusion_matrix_table_754_6436894e100dda3213db.table.json","nrows":9,"_latest_artifact_path":"wandb-client-artifact://eb6bqd36o608r9nsz199gdf66bwcwrdb3ljkuucvto7ec5pxkmq0v33i5b3j16c8b1tmvayj9ktid74fzdasqhhja39kn2ooeuc4mhlft8wlw1bc6gypsuv8cbc72l1w:latest/confusion_matrix_table.table.json","_type":"table-file","ncols":3},"final/test_accuracy":0.680731364275668,"final/Away Win_precision":0.6596638655462185,"final/val_accuracy":0.6807313561439514,"final/val_loss":0.7318038940429688,"_wandb":{"runtime":10},"final/Draw_f1":0.4520547945205479,"final/Home Win_f1":0.7631578947368421,"best_val_accuracy":0.6877636909484863,"val_accuracy":0.6807313561439514,"_runtime":10,"epoch":749,"final/best_val_accuracy":0.6877636909484863,"final/Draw_precision":0.6285714285714286,"_step":754,"final/Away Win_support":208,"train_loss":0.6507057547569275,"final/Away Win_recall":0.7548076923076923}