{"final/Draw_f1":0.48322147651006714,"final/Home Win_recall":0.8132911392405063,"final/best_val_accuracy":0.6863572597503662,"final/Home Win_support":316,"final/test_accuracy":0.679324894514768,"final/val_loss":0.7309568524360657,"best_val_accuracy":0.6863572597503662,"final/Away Win_recall":0.7403846153846154,"final/Away Win_precision":0.6695652173913044,"final/Away Win_support":208,"_runtime":11,"_step":504,"val_accuracy":0.6793248653411865,"val_loss":0.7309568524360657,"final/Draw_support":187,"final/Draw_precision":0.6486486486486487,"train_loss":0.634722888469696,"final/Draw_recall":0.3850267379679144,"_timestamp":1.759862404622218e+09,"epoch":499,"final/Away Win_f1":0.7031963470319634,"final/val_accuracy":0.6793248653411865,"confusion_matrix_table":{"log_mode":"IMMUTABLE","_latest_artifact_path":"wandb-client-artifact://cizjhsr3hqpdxrbde1wdd75p6yy1tu5phkjmijk6hlsfqpxeysquqn8kgyh2bxwtshq0w20lzca8nx9u24tglx2cra66lrern49f2i3k7yxm8irz02b6b1iymehlw4ay:latest/confusion_matrix_table.table.json","artifact_path":"wandb-client-artifact://nmcags4fs8i17eb0t0petiehtt5q8xl7eg7dn1bjqq2xwtpscx2f9k7wgvaupc48ihbrbko3h33zirf7gcxuc2021l543qlc6dassnx3de69y6o5oaa0aacjgrmas5zk/confusion_matrix_table.table.json","size":328,"path":"media/table/confusion_matrix_table_504_51f0aea509d71afce19c.table.json","sha256":"51f0aea509d71afce19c1abdb4d7743e4561a23f5b2c62990e43856ab8640158","ncols":3,"nrows":9,"_type":"table-file"},"_wandb":{"runtime":11},"final/Home Win_precision":0.6945945945945946,"final/Home Win_f1":0.749271137026239,"train_accuracy":0.7179246544837952}