{"final/Draw_precision":0.5517241379310345,"final/Away Win_f1":0.6787330316742082,"final/Away Win_support":208,"val_accuracy":0.6694796085357666,"final/Away Win_precision":0.6410256410256411,"_wandb":{"runtime":28},"train_loss":0.6437255144119263,"final/Draw_recall":0.5133689839572193,"val_loss":0.785305380821228,"final/test_accuracy":0.6694796061884669,"_runtime":28,"epoch":999,"best_val_accuracy":0.6821378469467163,"final/Home Win_f1":0.7431340872374798,"confusion_matrix_table":{"path":"media/table/confusion_matrix_table_1004_185107983f585ee76554.table.json","artifact_path":"wandb-client-artifact://x0vot905ohfdmuau2yq7i5bcfe1x4ge6edn7k67htq60wzipu96nw9bupiy52vzgd7svfjuudtfzm89ju4efl1pjzqbpam12zh21n1ewje7mxbm508v6p6jvtt3n8ubz/confusion_matrix_table.table.json","nrows":9,"log_mode":"IMMUTABLE","_type":"table-file","size":328,"sha256":"185107983f585ee765543406eec937a4881de309fcc073a292a69712c12f1222","ncols":3,"_latest_artifact_path":"wandb-client-artifact://rjrbnr6vqxhmsb53a59we0wqnrqaxlkgjo3lvdnxbnqjiisgkg2so0m7c5pcfm5sta4e8masqdczmcdj4p0imn9htwipf1fzm204eqmdopus0m1p4o922x2tgm94ruju:latest/confusion_matrix_table.table.json"},"final/val_accuracy":0.6694796085357666,"final/best_val_accuracy":0.6821378469467163,"train_accuracy":0.7124550938606262,"final/Home Win_precision":0.759075907590759,"final/Draw_f1":0.5318559556786704,"final/Draw_support":187,"final/Away Win_recall":0.7211538461538461,"_step":1004,"final/Home Win_recall":0.7278481012658228,"_timestamp":1.7598636880062945e+09,"final/Home Win_support":316,"final/val_loss":0.785305380821228}