{"_wandb":{"runtime":16},"final/Away Win_recall":0.7692307692307693,"final/Draw_precision":0.532608695652174,"epoch":499,"confusion_matrix_table":{"_type":"table-file","artifact_path":"wandb-client-artifact://j7m7kjshv16nrgrqmp36d4va1gp0akyw7wnoa7evzhuawkeynw625xu65pjpe6zs3ymqtthkpw8t3jf1pmrjqnkl1pndaukfa5wa12gorvvmvc8cvreb6pgwk93su2fb/confusion_matrix_table.table.json","_latest_artifact_path":"wandb-client-artifact://2v2yr4wc4bt9g7pfukhy9mu5ytugf88of8uqvwpl01f7kv9p1pl6kau2v8swuxclz3mscr61pfwjgflt8zdjuzb1ie6l4zqpwf70f1s1hleqgz7hxx4bgwxal9s1oeer:latest/confusion_matrix_table.table.json","ncols":3,"sha256":"66e0527179e0419f4d82f01ff221e20dc62c20a6e162189e52d9c1e1d3956ee6","nrows":9,"log_mode":"IMMUTABLE","path":"media/table/confusion_matrix_table_504_66e0527179e0419f4d82.table.json","size":328},"final/Draw_support":187,"final/Draw_f1":0.5283018867924528,"best_val_accuracy":0.6891701817512512,"final/Home Win_precision":0.784452296819788,"val_loss":0.7590168118476868,"final/test_accuracy":0.6751054852320675,"final/val_accuracy":0.6751055121421814,"final/Draw_recall":0.5240641711229946,"train_loss":0.6739048361778259,"final/Away Win_support":208,"final/best_val_accuracy":0.6891701817512512,"_runtime":16,"_step":504,"val_accuracy":0.6751055121421814,"final/Away Win_precision":0.6557377049180327,"final/Home Win_recall":0.7025316455696202,"train_accuracy":0.7029223442077637,"_timestamp":1.7598635359445999e+09,"final/Away Win_f1":0.7079646017699115,"final/val_loss":0.7590168118476868,"final/Home Win_support":316,"final/Home Win_f1":0.7412353923205343}