{"epoch":499,"final/val_loss":0.743100643157959,"final/Home Win_f1":0.7525622254758418,"train_loss":0.6212945580482483,"_runtime":14,"confusion_matrix_table":{"nrows":9,"ncols":3,"artifact_path":"wandb-client-artifact://7varccge3qd0ch5un1fv76rbtof6wos9l56mu3xrmkbg9ular92uno2mwwbnbhkwhr6xlx05aiq0zoh4jhf97yx520s07lfirkwmg833av3acx7snntkm41li21rzwbx/confusion_matrix_table.table.json","path":"media/table/confusion_matrix_table_504_0dfdee70bd34a7cb020f.table.json","size":328,"_latest_artifact_path":"wandb-client-artifact://5tuwxblxglqzjh6j134uhw83988rhsnad895pp2kxw6bhybd2d9xbo5aetb47z5knyssigbd3sble7et29etvk6eypom5vevn4gsp9mg5rcoweoc7pge9yajpv5q8emb:latest/confusion_matrix_table.table.json","sha256":"0dfdee70bd34a7cb020f94e404bb6bc3410e2d6f87b7bc107d6793ca5eea1b51","log_mode":"IMMUTABLE","_type":"table-file"},"final/Away Win_support":208,"final/Home Win_support":316,"final/Home Win_precision":0.7002724795640327,"final/best_val_accuracy":0.6821378469467163,"final/val_accuracy":0.6736990213394165,"final/Away Win_f1":0.6893424036281179,"final/Draw_precision":0.6306306306306306,"train_accuracy":0.7185497879981995,"_wandb":{"runtime":14},"final/Draw_support":187,"final/Away Win_precision":0.6523605150214592,"_timestamp":1.7598623315531807e+09,"final/Draw_f1":0.4697986577181208,"final/Draw_recall":0.37433155080213903,"best_val_accuracy":0.6821378469467163,"final/test_accuracy":0.6736990154711674,"final/Home Win_recall":0.8132911392405063,"_step":504,"val_accuracy":0.6736990213394165,"final/Away Win_recall":0.7307692307692307,"val_loss":0.743100643157959}